{
    "baseline_val_f1": 0.9961,
    "baseline_val_acc": 0.9955,
    "val_accuracy": 0.9973,
    "val_f1": 0.9977,
    "val_auc": 0.9989,
    "val_precision": 0.996,
    "val_recall": 0.9994,
    "test_accuracy": 0.9973,
    "test_f1": 0.9977,
    "test_auc": 0.9989,
    "test_precision": 0.9966,
    "test_recall": 0.9989,
    "peningkatan_f1": 0.0016,
    "confusion_matrix": {
        "TP": 27208,
        "FP": 94,
        "FN": 31,
        "TN": 19832
    },
    "n_features": 20,
    "max_corr": 0.5332,
    "overlap_train_test": 0,
    "best_optuna_params": {
        "learning_rate": 0.16923591290924478,
        "num_leaves": 43,
        "max_depth": 6,
        "n_estimators": 442,
        "min_child_samples": 37,
        "subsample": 0.9979117972085514,
        "colsample_bytree": 0.83639304014752,
        "reg_alpha": 0.18377938545032496,
        "reg_lambda": 0.6922368873467669
    }
}