{
    "baseline_val_f1": 0.9961,
    "baseline_val_acc": 0.9955,
    "val_accuracy": 0.9974,
    "val_f1": 0.9977,
    "val_auc": 0.999,
    "val_precision": 0.9962,
    "val_recall": 0.9993,
    "test_accuracy": 0.9976,
    "test_f1": 0.9979,
    "test_auc": 0.999,
    "test_precision": 0.9967,
    "test_recall": 0.9991,
    "peningkatan_f1": 0.0017,
    "confusion_matrix": {
        "TP": 27215,
        "FP": 91,
        "FN": 24,
        "TN": 19835
    },
    "n_features": 20,
    "max_corr": 0.5332,
    "overlap_train_test": 0,
    "best_optuna_params": {
        "learning_rate": 0.18332332468835763,
        "num_leaves": 16,
        "max_depth": 8,
        "n_estimators": 355,
        "min_child_samples": 52,
        "subsample": 0.9955897889225505,
        "colsample_bytree": 0.7994169035616123,
        "reg_alpha": 0.009370836732844445,
        "reg_lambda": 0.016169715023782394
    }
}