{
    "baseline_val_f1": 0.9961,
    "baseline_val_acc": 0.9955,
    "val_accuracy": 0.9973,
    "val_f1": 0.9977,
    "val_auc": 0.9989,
    "val_precision": 0.996,
    "val_recall": 0.9994,
    "test_accuracy": 0.9975,
    "test_f1": 0.9979,
    "test_auc": 0.999,
    "test_precision": 0.9966,
    "test_recall": 0.9992,
    "peningkatan_f1": 0.0016,
    "confusion_matrix": {
        "TP": 27217,
        "FP": 94,
        "FN": 22,
        "TN": 19832
    },
    "n_features": 20,
    "max_corr": 0.5332,
    "overlap_train_test": 0,
    "best_optuna_params": {
        "learning_rate": 0.19997903823667168,
        "num_leaves": 47,
        "max_depth": 5,
        "n_estimators": 367,
        "min_child_samples": 55,
        "subsample": 0.7509467194909372,
        "colsample_bytree": 0.9653430988627548,
        "reg_alpha": 1.3670947666822864,
        "reg_lambda": 0.36385623035833703
    }
}