{
    "baseline_val_f1": 0.9961,
    "baseline_val_acc": 0.9955,
    "test_accuracy": 0.9976,
    "test_f1": 0.9979,
    "test_auc": 0.9989,
    "test_precision": 0.9966,
    "test_recall": 0.9993,
    "peningkatan_f1": 0.0017,
    "confusion_matrix": {
        "TN": 19834,
        "FP": 92,
        "FN": 20,
        "TP": 27219
    },
    "n_features": 20,
    "max_corr": 0.5332,
    "best_optuna_params": {
        "learning_rate": 0.1977819370917312,
        "num_leaves": 29,
        "max_depth": 7,
        "n_estimators": 388,
        "min_child_samples": 67,
        "subsample": 0.8436244896569436,
        "colsample_bytree": 0.9942065411850635,
        "reg_alpha": 1.081824352565217,
        "reg_lambda": 1.6466946016779314
    }
}